document_id,source_row_id,category,intent,instruction,response,similitud_max_evaluacion,texto_rag
bitext-00183,183,ORDER,cancel_order,i try to cancel order {{Order Number}},"I grasp your desire to cancel your purchase with order number {{Order Number}}, and I'm here to assist you with this process. To cancel your order, please follow these steps:

1. Sign in to Your Account: Access our platform by logging into your {{Online Company Portal Info}}.
2. Locate Your Order: Navigate to the '{{Online Order Interaction}}' or '{{Online Order Interaction}}' section.
3. Find the Purchase: Look for the order number {{Order Number}} and click on it.
4. Initiate the Cancellation: You should see an option labeled '{{Online Order Interaction}}' associated with your purchase. Please select this option.
5. Confirm the Cancellation: The system may prompt you to confirm the cancellation. Please follow the instructions provided to complete the process successfully.

Should you encounter any issues or have further questions, our dedicated support team is available during {{Customer Support Hours}} at {{Customer Support Phone Number}} or through the Live Chat feature on our {{Website URL}}. We truly value your satisfaction and are committed to making this cancellation process as smooth as possible.",0.6923076923076923,"Categoría: ORDER
Intención: cancel_order
Pregunta frecuente: i try to cancel order {{Order Number}}
Procedimiento recomendado: I grasp your desire to cancel your purchase with order number {{Order Number}}, and I'm here to assist you with this process. To cancel your order, please follow these steps:

1. Sign in to Your Account: Access our platform by logging into your {{Online Company Portal Info}}.
2. Locate Your Order: Navigate to the '{{Online Order Interaction}}' or '{{Online Order Interaction}}' section.
3. Find the Purchase: Look for the order number {{Order Number}} and click on it.
4. Initiate the Cancellation: You should see an option labeled '{{Online Order Interaction}}' associated with your purchase. Please select this option.
5. Confirm the Cancellation: The system may prompt you to confirm the cancellation. Please follow the instructions provided to complete the process successfully.

Should you encounter any issues or have further questions, our dedicated support team is available during {{Customer Support Hours}} at {{Customer Support Phone Number}} or through the Live Chat feature on our {{Website URL}}. We truly value your satisfaction and are committed to making this cancellation process as smooth as possible."
bitext-00237,237,ORDER,cancel_order,help canceling purchase {{Order Number}},"I realized, you're seeking assistance with canceling your purchase with the purchase number {{Order Number}}. Rest assured, I'm here to help guide you through the process.

To cancel your purchase, follow these steps:

1. Sign in to your {{Online Company Portal Info}} using your credentials.
2. Navigate to the '{{Online Order Interaction}}' or '{{Online Order Interaction}}' section.
3. Look for the specific purchase with the order number {{Order Number}}.
4. Click on the purchase to view the order details.
5. You should see an option labeled '{{Online Order Interaction}}' associated with your purchase. Please select this option.
6. A confirmation message will appear. Review the details and follow any additional prompts, if necessary, to complete the cancellation.

If you encounter any difficulties or have any further questions, our dedicated support team is available to assist you during {{Customer Support Hours}}. Feel free to reach out to us at {{Customer Support Phone Number}} or through the Live Chat feature on our {{Website URL}}. We are committed to providing you with the support you need to ensure your satisfaction.",0.6526315789473685,"Categoría: ORDER
Intención: cancel_order
Pregunta frecuente: help canceling purchase {{Order Number}}
Procedimiento recomendado: I realized, you're seeking assistance with canceling your purchase with the purchase number {{Order Number}}. Rest assured, I'm here to help guide you through the process.

To cancel your purchase, follow these steps:

1. Sign in to your {{Online Company Portal Info}} using your credentials.
2. Navigate to the '{{Online Order Interaction}}' or '{{Online Order Interaction}}' section.
3. Look for the specific purchase with the order number {{Order Number}}.
4. Click on the purchase to view the order details.
5. You should see an option labeled '{{Online Order Interaction}}' associated with your purchase. Please select this option.
6. A confirmation message will appear. Review the details and follow any additional prompts, if necessary, to complete the cancellation.

If you encounter any difficulties or have any further questions, our dedicated support team is available to assist you during {{Customer Support Hours}}. Feel free to reach out to us at {{Customer Support Phone Number}} or through the Live Chat feature on our {{Website URL}}. We are committed to providing you with the support you need to ensure your satisfaction."
bitext-00676,676,ORDER,cancel_order,I'm rtying to cancel order {{Order Number}},"I'm following the urgency of canceling your order with the order number {{Order Number}}. I apologize for any inconvenience caused. To assist you with the cancellation process, please follow these steps:

1. Log into your {{Online Company Portal Info}}.
2. Navigate to the '{{Online Order Interaction}}' or '{{Online Order Interaction}}' section.
3. Look for the order with the number {{Order Number}} and click on it.
4. You should see an option to '{{Online Order Interaction}}', please select that.
5. Follow the instructions, if any, to complete the cancellation.

If you encounter any difficulties or have any further questions, please do not hesitate to reach out to our dedicated customer support team. You can contact us during {{Customer Support Hours}} at {{Customer Support Phone Number}} or through the Live Chat function on our {{Website URL}}. We are here to help and ensure your satisfaction.",0.6506024096385542,"Categoría: ORDER
Intención: cancel_order
Pregunta frecuente: I'm rtying to cancel order {{Order Number}}
Procedimiento recomendado: I'm following the urgency of canceling your order with the order number {{Order Number}}. I apologize for any inconvenience caused. To assist you with the cancellation process, please follow these steps:

1. Log into your {{Online Company Portal Info}}.
2. Navigate to the '{{Online Order Interaction}}' or '{{Online Order Interaction}}' section.
3. Look for the order with the number {{Order Number}} and click on it.
4. You should see an option to '{{Online Order Interaction}}', please select that.
5. Follow the instructions, if any, to complete the cancellation.

If you encounter any difficulties or have any further questions, please do not hesitate to reach out to our dedicated customer support team. You can contact us during {{Customer Support Hours}} at {{Customer Support Phone Number}} or through the Live Chat function on our {{Website URL}}. We are here to help and ensure your satisfaction."
bitext-01232,1232,ORDER,change_order,help adding an item to purchase {{Order Number}},"I've got that you need assistance with adding an item to purchase number {{Order Number}}. We strive to make sure your purchase experience is seamless and convenient. Please provide me with the details of the item you would like to add, such as its name, quantity, and any specific requirements. I'll do my best to help you with the process.",0.6213592233009708,"Categoría: ORDER
Intención: change_order
Pregunta frecuente: help adding an item to purchase {{Order Number}}
Procedimiento recomendado: I've got that you need assistance with adding an item to purchase number {{Order Number}}. We strive to make sure your purchase experience is seamless and convenient. Please provide me with the details of the item you would like to add, such as its name, quantity, and any specific requirements. I'll do my best to help you with the process."
bitext-01552,1552,ORDER,change_order,i need help to delete some products from order {{Order Number}},"We understand that you would like assistance in deleting some products from order number {{Order Number}}. Deleting items from your order is an option we can explore for you. May I kindly ask you to provide the specific product(s) you wish to remove? This way, we can promptly assist you with the necessary actions to modify your order according to your preferences. We appreciate your patience and cooperation.",0.6407766990291263,"Categoría: ORDER
Intención: change_order
Pregunta frecuente: i need help to delete some products from order {{Order Number}}
Procedimiento recomendado: We understand that you would like assistance in deleting some products from order number {{Order Number}}. Deleting items from your order is an option we can explore for you. May I kindly ask you to provide the specific product(s) you wish to remove? This way, we can promptly assist you with the necessary actions to modify your order according to your preferences. We appreciate your patience and cooperation."
bitext-01714,1714,ORDER,change_order,help me adding several articles to purchase {{Order Number}},"Glad you got in touch to us for assistance with adding several articles to purchase number {{Order Number}}. I completely understand the importance of customizing your purchase to your preferences. To ensure we can help you effectively, could you please provide the specific details of the articles you would like to add? Once we have this information, we will promptly assist you in modifying your purchase to include these items. We appreciate your patience and look forward to fulfilling your request.",0.6260869565217392,"Categoría: ORDER
Intención: change_order
Pregunta frecuente: help me adding several articles to purchase {{Order Number}}
Procedimiento recomendado: Glad you got in touch to us for assistance with adding several articles to purchase number {{Order Number}}. I completely understand the importance of customizing your purchase to your preferences. To ensure we can help you effectively, could you please provide the specific details of the articles you would like to add? Once we have this information, we will promptly assist you in modifying your purchase to include these items. We appreciate your patience and look forward to fulfilling your request."
bitext-02195,2195,SHIPPING,change_shipping_address,I want information about changing the delivery address,"Sure! If you need to change your delivery address, you can easily do so by contacting our customer support team. They will assist you in updating the address with the new information. Please make sure to provide them with the correct details to ensure a smooth and successful delivery.",0.7079646017699115,"Categoría: SHIPPING
Intención: change_shipping_address
Pregunta frecuente: I want information about changing the delivery address
Procedimiento recomendado: Sure! If you need to change your delivery address, you can easily do so by contacting our customer support team. They will assist you in updating the address with the new information. Please make sure to provide them with the correct details to ensure a smooth and successful delivery."
bitext-02418,2418,SHIPPING,change_shipping_address,I want to know about updating my delivery address,"Sure, I can help you with updating your delivery address. To change your address, log into your account and navigate to the address section. From there, you can edit your current address or add a new one. Make sure to double-check all the information before saving the changes. If you encounter any issues or have further questions, feel free to reach out to our customer support team for assistance.",0.5925925925925926,"Categoría: SHIPPING
Intención: change_shipping_address
Pregunta frecuente: I want to know about updating my delivery address
Procedimiento recomendado: Sure, I can help you with updating your delivery address. To change your address, log into your account and navigate to the address section. From there, you can edit your current address or add a new one. Make sure to double-check all the information before saving the changes. If you encounter any issues or have further questions, feel free to reach out to our customer support team for assistance."
bitext-02698,2698,SHIPPING,change_shipping_address,I have issues modifying the delivery address,"We apologize for the inconvenience you are facing while trying to modify your delivery address. Please provide us with your order details and the new address you would like to update, and we will assist you in making the necessary changes.",0.7631578947368421,"Categoría: SHIPPING
Intención: change_shipping_address
Pregunta frecuente: I have issues modifying the delivery address
Procedimiento recomendado: We apologize for the inconvenience you are facing while trying to modify your delivery address. Please provide us with your order details and the new address you would like to update, and we will assist you in making the necessary changes."
bitext-03328,3328,CANCEL,check_cancellation_fee,I don't know what I have to do to see the early exit charge,"No problem! To check the early exit charge, you can simply reach out to our customer service department. They will provide you with all the necessary information regarding the cancellation penalty.",0.8034188034188035,"Categoría: CANCEL
Intención: check_cancellation_fee
Pregunta frecuente: I don't know what I have to do to see the early exit charge
Procedimiento recomendado: No problem! To check the early exit charge, you can simply reach out to our customer service department. They will provide you with all the necessary information regarding the cancellation penalty."
bitext-03353,3353,CANCEL,check_cancellation_fee,how do i see the termination penalty,"I'll get right on it! To view the termination penalty, you can refer to our terms and conditions page on our website. There, you will find detailed information about the penalties and fees associated with early termination. Additionally, you can reach out to our customer service team for further assistance with any specific questions you may have about the termination penalty.",0.5957446808510638,"Categoría: CANCEL
Intención: check_cancellation_fee
Pregunta frecuente: how do i see the termination penalty
Procedimiento recomendado: I'll get right on it! To view the termination penalty, you can refer to our terms and conditions page on our website. There, you will find detailed information about the penalties and fees associated with early termination. Additionally, you can reach out to our customer service team for further assistance with any specific questions you may have about the termination penalty."
bitext-03880,3880,CANCEL,check_cancellation_fee,help checking theearly exit charge,"Sure, I can assist you in checking the early exit charge for your account. To do so, please log in to your account and navigate to the ""Billing"" section. There, you should be able to find all the details regarding any early exit charges that may apply. If you encounter any issues or need further assistance, feel free to reach out to our customer support team. They will be more than happy to help you with any queries you may have.",0.5405405405405406,"Categoría: CANCEL
Intención: check_cancellation_fee
Pregunta frecuente: help checking theearly exit charge
Procedimiento recomendado: Sure, I can assist you in checking the early exit charge for your account. To do so, please log in to your account and navigate to the ""Billing"" section. There, you should be able to find all the details regarding any early exit charges that may apply. If you encounter any issues or need further assistance, feel free to reach out to our customer support team. They will be more than happy to help you with any queries you may have."
bitext-03988,3988,INVOICE,check_invoice,I do not know how to give a quick look at my bill #00108,"I get it your uncertainty about how to quickly check the details of your bill with the number #{{Invoice Number}}. It's important to have easy access to such information. To give you a quick look at your bill, you can try logging into your account on our website and navigating to the 'Invoice' section. If you're having trouble finding it, I can provide step-by-step instructions or guide you through the process. Just let me know how I can assist you further. Remember, I'm here to support you and ensure you have a seamless experience.",0.5420560747663551,"Categoría: INVOICE
Intención: check_invoice
Pregunta frecuente: I do not know how to give a quick look at my bill #00108
Procedimiento recomendado: I get it your uncertainty about how to quickly check the details of your bill with the number #{{Invoice Number}}. It's important to have easy access to such information. To give you a quick look at your bill, you can try logging into your account on our website and navigating to the 'Invoice' section. If you're having trouble finding it, I can provide step-by-step instructions or guide you through the process. Just let me know how I can assist you further. Remember, I'm here to support you and ensure you have a seamless experience."
bitext-04140,4140,INVOICE,check_invoice,help to locate the bill from {{Person Name}},"I understand your need to locate the bill from {{Salutation}} {{Client Last Name}}. Rest assured, I'm here to help you with that. Can you please provide me with any additional information such as the {{Date Range}} or any other details that could assist in narrowing down the search? This way, I'll be able to provide you with more accurate guidance on how to locate the bill you're looking for.",0.46464646464646464,"Categoría: INVOICE
Intención: check_invoice
Pregunta frecuente: help to locate the bill from {{Person Name}}
Procedimiento recomendado: I understand your need to locate the bill from {{Salutation}} {{Client Last Name}}. Rest assured, I'm here to help you with that. Can you please provide me with any additional information such as the {{Date Range}} or any other details that could assist in narrowing down the search? This way, I'll be able to provide you with more accurate guidance on how to locate the bill you're looking for."
bitext-04400,4400,INVOICE,check_invoice,give a quick look at the invoice #12588,I can see that you would like me to quickly review the invoice with the number {{Invoice Number}}. Let me pull up the details and provide you with the necessary information. Please hold on for a moment while I retrieve the invoice for you.,0.5111111111111111,"Categoría: INVOICE
Intención: check_invoice
Pregunta frecuente: give a quick look at the invoice #12588
Procedimiento recomendado: I can see that you would like me to quickly review the invoice with the number {{Invoice Number}}. Let me pull up the details and provide you with the necessary information. Please hold on for a moment while I retrieve the invoice for you."
bitext-05729,5729,PAYMENT,check_payment_methods,can you help me see the accepted payment options?,"For sure! I'm here to assist you in exploring our accepted payment options. Providing customers with a seamless and convenient payment experience is our utmost priority. Here is a comprehensive list of our accepted payment methods:

- **Credit/Debit Cards:** We accept all major credit and debit cards, including Visa, Mastercard, and American Express.
- **PayPal:** A globally recognized and secure online payment platform trusted by millions.
- **Bank Transfers:** Enable direct payments from your bank account to ours for added convenience.
- **Mobile Payment:** Experience the ease of paying with mobile payment options such as Apple Pay and Google Pay.
- **Other Digital Wallets:** We also support other reliable digital wallets like Samsung Pay, Amazon Pay, and Stripe.

Should you have any queries or need further assistance regarding any specific payment option, please don't hesitate to let me know. I'm here to ensure you find the best payment method that suits your needs.",0.6373626373626373,"Categoría: PAYMENT
Intención: check_payment_methods
Pregunta frecuente: can you help me see the accepted payment options?
Procedimiento recomendado: For sure! I'm here to assist you in exploring our accepted payment options. Providing customers with a seamless and convenient payment experience is our utmost priority. Here is a comprehensive list of our accepted payment methods:

- **Credit/Debit Cards:** We accept all major credit and debit cards, including Visa, Mastercard, and American Express.
- **PayPal:** A globally recognized and secure online payment platform trusted by millions.
- **Bank Transfers:** Enable direct payments from your bank account to ours for added convenience.
- **Mobile Payment:** Experience the ease of paying with mobile payment options such as Apple Pay and Google Pay.
- **Other Digital Wallets:** We also support other reliable digital wallets like Samsung Pay, Amazon Pay, and Stripe.

Should you have any queries or need further assistance regarding any specific payment option, please don't hesitate to let me know. I'm here to ensure you find the best payment method that suits your needs."
bitext-05738,5738,PAYMENT,check_payment_methods,help me see what payment options ya accept,"Of course! I'd be more than happy to assist you in discovering the payment options we accept. At our company, we offer a diverse range of payment methods to cater to your convenience. Some of the accepted options include credit/debit cards, PayPal, bank transfers, Apple Pay, and Google Wallet. These options ensure you have flexibility when making your purchase. If you need any further information or have any specific questions, feel free to let me know. I'm here to help!",0.611764705882353,"Categoría: PAYMENT
Intención: check_payment_methods
Pregunta frecuente: help me see what payment options ya accept
Procedimiento recomendado: Of course! I'd be more than happy to assist you in discovering the payment options we accept. At our company, we offer a diverse range of payment methods to cater to your convenience. Some of the accepted options include credit/debit cards, PayPal, bank transfers, Apple Pay, and Google Wallet. These options ensure you have flexibility when making your purchase. If you need any further information or have any specific questions, feel free to let me know. I'm here to help!"
bitext-05741,5741,PAYMENT,check_payment_methods,i need help checking ur allowed paymeny modalities,"Assuredly! I'm delighted to assist you in checking our allowed payment modalities. We understand the significance of having various options to cater to your preferences. Here's a quick and comprehensive overview of our accepted payment methods:

- **Credit/Debit Card:** You can use major card brands such as Visa, Mastercard, and American Express for seamless transactions.
- **PayPal:** A popular and secure online payment platform that offers convenience and peace of mind.
- **Bank Transfer:** This option allows you to make direct payments from your bank account.
- **Apple Pay:** If you're an Apple user, you can enjoy the simplicity and security of paying with Apple Pay.
- **Google Pay:** Google Pay provides a fast and easy checkout experience for Android users.

Please note that these are our primary payment methods, and their availability may vary depending on your location. If you have any specific questions or need further assistance with any of these options, feel free to let me know. We're here to ensure your payment experience is smooth and hassle-free!",0.7526881720430108,"Categoría: PAYMENT
Intención: check_payment_methods
Pregunta frecuente: i need help checking ur allowed paymeny modalities
Procedimiento recomendado: Assuredly! I'm delighted to assist you in checking our allowed payment modalities. We understand the significance of having various options to cater to your preferences. Here's a quick and comprehensive overview of our accepted payment methods:

- **Credit/Debit Card:** You can use major card brands such as Visa, Mastercard, and American Express for seamless transactions.
- **PayPal:** A popular and secure online payment platform that offers convenience and peace of mind.
- **Bank Transfer:** This option allows you to make direct payments from your bank account.
- **Apple Pay:** If you're an Apple user, you can enjoy the simplicity and security of paying with Apple Pay.
- **Google Pay:** Google Pay provides a fast and easy checkout experience for Android users.

Please note that these are our primary payment methods, and their availability may vary depending on your location. If you have any specific questions or need further assistance with any of these options, feel free to let me know. We're here to ensure your payment experience is smooth and hassle-free!"
bitext-06272,6272,REFUND,check_refund_policy,can I see under what circumstances can I request a refund?,"Certainly! I completely understand your desire to have a clear understanding of the circumstances under which you can request a refund. Here's a breakdown of common scenarios:

1. **Product/Service Defect:** If the product or service you received has a defect or does not match the provided description, you are typically eligible for a refund.
2. **Cancellation within the Grace Period:** If you change your mind and decide to cancel your purchase within the specified grace period, you can usually request a refund.
3. **Unauthorized Charges:** If you notice any charges on your account that you did not authorize, we are here to investigate and assist you with a refund.
4. **Event Cancellation:** If you purchased tickets for an event that gets canceled and no rescheduled date is announced, you would generally be eligible for a refund.
5. **Duplicate Charges:** If you have been charged multiple times for the same item in error, please let us know so that we can promptly rectify the situation.
6. **Non-Delivery of Goods/Services:** If you have not received the goods or services you ordered within the expected timeframe, you may qualify for a refund.

Please keep in mind that specific refund policies may vary depending on the vendor or service provider. It's always a good idea to consult their terms and conditions or directly reach out to them for more information. If you have a specific order or situation, feel free to provide me with the necessary details, such as the {{Order Number}}, and I'll be happy to assist you further.

Is there anything else I can help you with today?",0.46153846153846156,"Categoría: REFUND
Intención: check_refund_policy
Pregunta frecuente: can I see under what circumstances can I request a refund?
Procedimiento recomendado: Certainly! I completely understand your desire to have a clear understanding of the circumstances under which you can request a refund. Here's a breakdown of common scenarios:

1. **Product/Service Defect:** If the product or service you received has a defect or does not match the provided description, you are typically eligible for a refund.
2. **Cancellation within the Grace Period:** If you change your mind and decide to cancel your purchase within the specified grace period, you can usually request a refund.
3. **Unauthorized Charges:** If you notice any charges on your account that you did not authorize, we are here to investigate and assist you with a refund.
4. **Event Cancellation:** If you purchased tickets for an event that gets canceled and no rescheduled date is announced, you would generally be eligible for a refund.
5. **Duplicate Charges:** If you have been charged multiple times for the same item in error, please let us know so that we can promptly rectify the situation.
6. **Non-Delivery of Goods/Services:** If you have not received the goods or services you ordered within the expected timeframe, you may qualify for a refund.

Please keep in mind that specific refund policies may vary depending on the vendor or service provider. It's always a good idea to consult their terms and conditions or directly reach out to them for more information. If you have a specific order or situation, feel free to provide me with the necessary details, such as the {{Order Number}}, and I'll be happy to assist you further.

Is there anything else I can help you with today?"
bitext-06401,6401,REFUND,check_refund_policy,i have to check in what cases can i request a reimbursement,"Unquestionably! I completely understand your need to check the situations in which you can request a reimbursement. Let me provide you with a clear breakdown of the most common scenarios:

1. **Product Defect:** If the product you purchased is defective or doesn't meet your expectations, you may be eligible for a reimbursement.
2. **Incorrect or Incomplete Order:** If you receive an incorrect or incomplete order, rest assured you can request a reimbursement for the items that are missing or incorrect.
3. **Cancellation within Grace Period:** If you change your mind about your purchase within the grace period specified in the terms and conditions, you should be able to request a reimbursement.
4. **Unauthorized Charges:** If you notice any unauthorized charges on your account, please contact our customer support immediately. We will investigate the charges and assist you in resolving the issue, including the possibility of a reimbursement.
5. **Late Delivery or Non-Delivery:** If your order doesn't arrive within the estimated delivery timeframe or is not delivered at all, you may be entitled to a reimbursement.
6. **Dissatisfaction with Service:** If you are dissatisfied with the service provided, please let us know. Depending on the circumstances, we may offer a reimbursement as a gesture of goodwill.

Remember that specific refund policies may vary depending on the vendor or service provider, so it's always a good idea to review the terms and conditions or contact the vendor directly for more information. If you have any specific questions or concerns about a recent purchase, please provide me with the necessary details, such as the order number, and I'll be more than happy to assist you further.

Is there anything else I can help you with?",0.8067226890756303,"Categoría: REFUND
Intención: check_refund_policy
Pregunta frecuente: i have to check in what cases can i request a reimbursement
Procedimiento recomendado: Unquestionably! I completely understand your need to check the situations in which you can request a reimbursement. Let me provide you with a clear breakdown of the most common scenarios:

1. **Product Defect:** If the product you purchased is defective or doesn't meet your expectations, you may be eligible for a reimbursement.
2. **Incorrect or Incomplete Order:** If you receive an incorrect or incomplete order, rest assured you can request a reimbursement for the items that are missing or incorrect.
3. **Cancellation within Grace Period:** If you change your mind about your purchase within the grace period specified in the terms and conditions, you should be able to request a reimbursement.
4. **Unauthorized Charges:** If you notice any unauthorized charges on your account, please contact our customer support immediately. We will investigate the charges and assist you in resolving the issue, including the possibility of a reimbursement.
5. **Late Delivery or Non-Delivery:** If your order doesn't arrive within the estimated delivery timeframe or is not delivered at all, you may be entitled to a reimbursement.
6. **Dissatisfaction with Service:** If you are dissatisfied with the service provided, please let us know. Depending on the circumstances, we may offer a reimbursement as a gesture of goodwill.

Remember that specific refund policies may vary depending on the vendor or service provider, so it's always a good idea to review the terms and conditions or contact the vendor directly for more information. If you have any specific questions or concerns about a recent purchase, please provide me with the necessary details, such as the order number, and I'll be more than happy to assist you further.

Is there anything else I can help you with?"
bitext-06780,6780,REFUND,check_refund_policy,see in which situations can I request a refund,"I'm on it! I understand your need for clear information about the various situations in which you can request a refund. Here are some common scenarios where you may be eligible for a refund:

1. **Product/Service Defect:** If you receive a defective product or the service doesn't meet your expectations, you can usually request a refund.
2. **Cancellation within Grace Period:** Many vendors allow a specific grace period during which you can cancel your purchase and receive a refund.
3. **Unauthorized Charges:** If you notice any unauthorized charges on your account or credit card statement, please inform us immediately, and we'll assist you in resolving the issue and processing a refund if necessary.
4. **Event Cancellation:** If an event you've purchased tickets for gets canceled and isn't rescheduled, you may be eligible for a refund.
5. **Non-Delivery of Goods/Services:** If you don't receive the purchased product or service within the promised timeframe, you can request a refund.
6. **Dissatisfaction with the Product/Service:** In some cases, if you're not satisfied with a product or service, you may be able to request a refund. The specific policies regarding dissatisfaction refunds may vary depending on the vendor or service provider.

These are just general situations where refunds are commonly granted. It's important to note that each vendor or service provider may have their own refund policies and guidelines. Therefore, I recommend referring to the vendor's terms and conditions or contacting their customer support directly for more specific information regarding your particular situation.

If you have any further questions or if there's a specific order or concern you would like me to review, please provide me with the necessary details, and I'll be happy to assist you further.",0.5471698113207547,"Categoría: REFUND
Intención: check_refund_policy
Pregunta frecuente: see in which situations can I request a refund
Procedimiento recomendado: I'm on it! I understand your need for clear information about the various situations in which you can request a refund. Here are some common scenarios where you may be eligible for a refund:

1. **Product/Service Defect:** If you receive a defective product or the service doesn't meet your expectations, you can usually request a refund.
2. **Cancellation within Grace Period:** Many vendors allow a specific grace period during which you can cancel your purchase and receive a refund.
3. **Unauthorized Charges:** If you notice any unauthorized charges on your account or credit card statement, please inform us immediately, and we'll assist you in resolving the issue and processing a refund if necessary.
4. **Event Cancellation:** If an event you've purchased tickets for gets canceled and isn't rescheduled, you may be eligible for a refund.
5. **Non-Delivery of Goods/Services:** If you don't receive the purchased product or service within the promised timeframe, you can request a refund.
6. **Dissatisfaction with the Product/Service:** In some cases, if you're not satisfied with a product or service, you may be able to request a refund. The specific policies regarding dissatisfaction refunds may vary depending on the vendor or service provider.

These are just general situations where refunds are commonly granted. It's important to note that each vendor or service provider may have their own refund policies and guidelines. Therefore, I recommend referring to the vendor's terms and conditions or contacting their customer support directly for more specific information regarding your particular situation.

If you have any further questions or if there's a specific order or concern you would like me to review, please provide me with the necessary details, and I'll be happy to assist you further."
bitext-07010,7010,FEEDBACK,complaint,help me to lodgea complaint against ur business,"I acknowledge that you need assistance in lodging a complaint against our business, and I sincerely apologize for any negative experience that led to this. Your feedback is crucial to us, as it allows us to address any issues and improve our services. To ensure an efficient handling of your complaint, I kindly request you to provide specific details regarding the incident, such as the date, time, location, and any other relevant information. This will enable us to investigate your complaint thoroughly and take appropriate actions to resolve the matter. Rest assured that your complaint will be treated seriously and dealt with promptly.",0.5111111111111111,"Categoría: FEEDBACK
Intención: complaint
Pregunta frecuente: help me to lodgea complaint against ur business
Procedimiento recomendado: I acknowledge that you need assistance in lodging a complaint against our business, and I sincerely apologize for any negative experience that led to this. Your feedback is crucial to us, as it allows us to address any issues and improve our services. To ensure an efficient handling of your complaint, I kindly request you to provide specific details regarding the incident, such as the date, time, location, and any other relevant information. This will enable us to investigate your complaint thoroughly and take appropriate actions to resolve the matter. Rest assured that your complaint will be treated seriously and dealt with promptly."
bitext-07749,7749,FEEDBACK,complaint,want help making a reclamation against ur company,"I've picked up that you're seeking assistance in making a reclamation against our company. I'm truly sorry for any negative experience you may have had, and I'm here to help you resolve this issue. To begin with, could you please provide me with the specifics of your reclamation? Your insights are important to us, and we will take them into consideration as we work towards a solution. Thank you for bringing this matter to our attention, and I assure you that we will do our best to address your concerns and make things right. How can I best assist you further?",0.42592592592592593,"Categoría: FEEDBACK
Intención: complaint
Pregunta frecuente: want help making a reclamation against ur company
Procedimiento recomendado: I've picked up that you're seeking assistance in making a reclamation against our company. I'm truly sorry for any negative experience you may have had, and I'm here to help you resolve this issue. To begin with, could you please provide me with the specifics of your reclamation? Your insights are important to us, and we will take them into consideration as we work towards a solution. Thank you for bringing this matter to our attention, and I assure you that we will do our best to address your concerns and make things right. How can I best assist you further?"
bitext-07887,7887,FEEDBACK,complaint,want help to make a complaint,"I hear your frustration and I'm sorry to learn that you're seeking assistance in making a complaint. Your feedback is extremely valuable to us, so I assure you that your concerns will be given the utmost attention and consideration. To help you through the process, I kindly request you to provide detailed information about the issue you're facing. This will enable our team to thoroughly investigate the matter and work towards a suitable resolution. Rest assured, we are committed to addressing your complaint and improving our services based on your valuable input. What specific details would you like to share so that we can begin assisting you with your complaint?",0.4657534246575342,"Categoría: FEEDBACK
Intención: complaint
Pregunta frecuente: want help to make a complaint
Procedimiento recomendado: I hear your frustration and I'm sorry to learn that you're seeking assistance in making a complaint. Your feedback is extremely valuable to us, so I assure you that your concerns will be given the utmost attention and consideration. To help you through the process, I kindly request you to provide detailed information about the issue you're facing. This will enable our team to thoroughly investigate the matter and work towards a suitable resolution. Rest assured, we are committed to addressing your complaint and improving our services based on your valuable input. What specific details would you like to share so that we can begin assisting you with your complaint?"
bitext-08177,8177,CONTACT,contact_customer_service,help to check what hours I can reach customer service,"Your input is valuable! I'm picking up that you need assistance in checking the hours when you can contact our customer service team. Our dedicated team is available to assist you during {{Customer Support Hours}}. You can reach out to them via phone at {{Customer Support Phone Number}} or through the Live Chat on our website at {{Website URL}}. If you have any other questions or concerns, feel free to let me know. I'm here to help!",0.8648648648648649,"Categoría: CONTACT
Intención: contact_customer_service
Pregunta frecuente: help to check what hours I can reach customer service
Procedimiento recomendado: Your input is valuable! I'm picking up that you need assistance in checking the hours when you can contact our customer service team. Our dedicated team is available to assist you during {{Customer Support Hours}}. You can reach out to them via phone at {{Customer Support Phone Number}} or through the Live Chat on our website at {{Website URL}}. If you have any other questions or concerns, feel free to let me know. I'm here to help!"
bitext-08313,8313,CONTACT,contact_customer_service,need to see what hours customer assistance available is,"It's great to hear from you! I can see that you would like to know the operating hours of our customer assistance team. Our dedicated team is available to help you during {{Customer Assistance Hours}}. They are committed to addressing your concerns and ensuring your satisfaction. If you have any other questions or need further assistance, please feel free to ask.",0.6548672566371682,"Categoría: CONTACT
Intención: contact_customer_service
Pregunta frecuente: need to see what hours customer assistance available is
Procedimiento recomendado: It's great to hear from you! I can see that you would like to know the operating hours of our customer assistance team. Our dedicated team is available to help you during {{Customer Assistance Hours}}. They are committed to addressing your concerns and ensuring your satisfaction. If you have any other questions or need further assistance, please feel free to ask."
bitext-08504,8504,CONTACT,contact_customer_service,is it possible to talk to customer support?,"Thank you for reaching out! I understand your need to connect with our customer support. Yes, it is definitely possible to talk to our customer support team. Our dedicated team is available during {{Customer Support Hours}} to assist you. You can reach us at {{Customer Support Phone Number}} or through the Live Chat on our website at {{Website URL}}. We are here to provide you with prompt and reliable assistance. Is there anything else I can help you with today?",0.46,"Categoría: CONTACT
Intención: contact_customer_service
Pregunta frecuente: is it possible to talk to customer support?
Procedimiento recomendado: Thank you for reaching out! I understand your need to connect with our customer support. Yes, it is definitely possible to talk to our customer support team. Our dedicated team is available during {{Customer Support Hours}} to assist you. You can reach us at {{Customer Support Phone Number}} or through the Live Chat on our website at {{Website URL}}. We are here to provide you with prompt and reliable assistance. Is there anything else I can help you with today?"
bitext-09176,9176,CONTACT,contact_human_agent,I want help to speak to somebody,It's great to hear from you! I can see that you are looking for assistance and would like to speak to somebody. Our team of dedicated representatives is here to help you. Please bear with me for a moment while I connect you to the most suitable agent who can address your concerns. Your patience is greatly appreciated as we work to ensure you receive the personalized assistance you need.,0.5526315789473685,"Categoría: CONTACT
Intención: contact_human_agent
Pregunta frecuente: I want help to speak to somebody
Procedimiento recomendado: It's great to hear from you! I can see that you are looking for assistance and would like to speak to somebody. Our team of dedicated representatives is here to help you. Please bear with me for a moment while I connect you to the most suitable agent who can address your concerns. Your patience is greatly appreciated as we work to ensure you receive the personalized assistance you need."
bitext-09308,9308,CONTACT,contact_human_agent,how can i talk with an opertaor,"Thank you for reaching out! I see that you would like to connect with an operator for assistance. I'm here to help you with that. To speak with an operator, you can try calling our customer support helpline at {{Customer Support Phone Number}}. Our dedicated team is available {{Customer Support Hours}} to assist you. Alternatively, you can also reach out to us through the live chat feature on our website at {{Website URL}}. We'll make sure you're connected with a knowledgeable operator who will provide the support you need.",0.4657534246575342,"Categoría: CONTACT
Intención: contact_human_agent
Pregunta frecuente: how can i talk with an opertaor
Procedimiento recomendado: Thank you for reaching out! I see that you would like to connect with an operator for assistance. I'm here to help you with that. To speak with an operator, you can try calling our customer support helpline at {{Customer Support Phone Number}}. Our dedicated team is available {{Customer Support Hours}} to assist you. Alternatively, you can also reach out to us through the live chat feature on our website at {{Website URL}}. We'll make sure you're connected with a knowledgeable operator who will provide the support you need."
bitext-09502,9502,CONTACT,contact_human_agent,I need assistance speaking with an assistant,"Happy to hear from you! I truly understand that you need assistance speaking with an assistant. Our team of dedicated human agents is here to help! To connect you with the right person, could you please provide some more details about the specific topic or issue you would like to discuss? This way, we can ensure that you receive the most tailored assistance possible. Your insights are invaluable, and we are committed to providing you with the support you need. While I gather this information, rest assured that we are preparing the best to assist you. We appreciate your patience and look forward to helping you soon!",0.5684210526315789,"Categoría: CONTACT
Intención: contact_human_agent
Pregunta frecuente: I need assistance speaking with an assistant
Procedimiento recomendado: Happy to hear from you! I truly understand that you need assistance speaking with an assistant. Our team of dedicated human agents is here to help! To connect you with the right person, could you please provide some more details about the specific topic or issue you would like to discuss? This way, we can ensure that you receive the most tailored assistance possible. Your insights are invaluable, and we are committed to providing you with the support you need. While I gather this information, rest assured that we are preparing the best to assist you. We appreciate your patience and look forward to helping you soon!"
bitext-10441,10441,ACCOUNT,create_account,creating new standard account for daughter,"That's fantastic! I'm thrilled to help you create a new {{Account Type}} account for your daughter. To get started, I'll need a few details. Could you please provide your daughter's full name, date of birth, and a preferred username? Once I have this information, I'll guide you through the account creation process step by step, ensuring a smooth experience. Rest assured that her security and privacy are of utmost importance to us, and we'll maintain the confidentiality of all the information shared. Let's make this process as seamless as possible for you and your daughter!",0.5675675675675675,"Categoría: ACCOUNT
Intención: create_account
Pregunta frecuente: creating new standard account for daughter
Procedimiento recomendado: That's fantastic! I'm thrilled to help you create a new {{Account Type}} account for your daughter. To get started, I'll need a few details. Could you please provide your daughter's full name, date of birth, and a preferred username? Once I have this information, I'll guide you through the account creation process step by step, ensuring a smooth experience. Rest assured that her security and privacy are of utmost importance to us, and we'll maintain the confidentiality of all the information shared. Let's make this process as seamless as possible for you and your daughter!"
bitext-10644,10644,ACCOUNT,create_account,I'd like information about creating a pro account,"That's fantastic! I'm thrilled that you're interested in creating a {{Account Type}} account with us. Our {{Account Type}} account offers a range of advanced features and benefits tailored for professionals like you. To get started, let me provide you with all the information you need. The process is simple and straightforward. Could you please provide me with your full name, email address, and a preferred username? Once I have these details, I'll guide you through the process step by step and address any questions you may have. Rest assured that your security and privacy are our topmost priorities.",0.5,"Categoría: ACCOUNT
Intención: create_account
Pregunta frecuente: I'd like information about creating a pro account
Procedimiento recomendado: That's fantastic! I'm thrilled that you're interested in creating a {{Account Type}} account with us. Our {{Account Type}} account offers a range of advanced features and benefits tailored for professionals like you. To get started, let me provide you with all the information you need. The process is simple and straightforward. Could you please provide me with your full name, email address, and a preferred username? Once I have these details, I'll guide you through the process step by step and address any questions you may have. Rest assured that your security and privacy are our topmost priorities."
bitext-10858,10858,ACCOUNT,create_account,give me information about opening a {{Account Type}} account,"Positively! I'm excited to provide you with all the information you need to open a {{Account Type}} account with us. A {{Account Type}} account offers you the perfect opportunity to explore our services and experience the benefits firsthand. With a {{Account Type}} account, you'll have access to our basic features, allowing you to get started with ease. To begin the process, you can visit our website or reach out to our customer support team for step-by-step guidance. They are available to answer any questions you may have and assist you in creating your {{Account Type}} account. Let me know if there's anything specific you'd like to know or if there's anything else I can assist you with.",0.46956521739130436,"Categoría: ACCOUNT
Intención: create_account
Pregunta frecuente: give me information about opening a {{Account Type}} account
Procedimiento recomendado: Positively! I'm excited to provide you with all the information you need to open a {{Account Type}} account with us. A {{Account Type}} account offers you the perfect opportunity to explore our services and experience the benefits firsthand. With a {{Account Type}} account, you'll have access to our basic features, allowing you to get started with ease. To begin the process, you can visit our website or reach out to our customer support team for step-by-step guidance. They are available to answer any questions you may have and assist you in creating your {{Account Type}} account. Let me know if there's anything specific you'd like to know or if there's anything else I can assist you with."
bitext-11243,11243,ACCOUNT,delete_account,what do I need to do to delete a {{Account Category}} account?,"Thank you for trusting about deleting your {{Account Category}} account. We understand that you may have made this decision after careful consideration. To assist you with the account deletion process, we kindly ask you to provide us with some additional information. This will help us verify your account details and ensure a smooth deletion process. Please let us know the username or email associated with your {{Account Category}} account and any other relevant information. Our team will promptly assist you with the necessary steps to delete your account securely.",0.5172413793103449,"Categoría: ACCOUNT
Intención: delete_account
Pregunta frecuente: what do I need to do to delete a {{Account Category}} account?
Procedimiento recomendado: Thank you for trusting about deleting your {{Account Category}} account. We understand that you may have made this decision after careful consideration. To assist you with the account deletion process, we kindly ask you to provide us with some additional information. This will help us verify your account details and ensure a smooth deletion process. Please let us know the username or email associated with your {{Account Category}} account and any other relevant information. Our team will promptly assist you with the necessary steps to delete your account securely."
bitext-11248,11248,ACCOUNT,delete_account,I don't know how to cancel the {{Account Type}} account,"We've received your message regarding the cancellation of your {{Account Type}} account. I understand that you are unsure about the process, and I'm here to assist you every step of the way. Cancelling your {{Account Type}} account is a straightforward process, and I'll be happy to guide you through it. To cancel your {{Account Type}} account, please follow these steps:

1. Log in to your account on our website.
2. Go to the account settings or profile section.
3. Find the option to manage or cancel your subscription.
4. Click on the cancel or unsubscribe button.
5. You may be asked to confirm the cancellation or provide a reason.
6. Follow any additional prompts or instructions to complete the cancellation.

If you encounter any difficulties or have any questions during the process, please don't hesitate to ask for assistance. Our team is available {{Customer Support Hours}} and can be reached at {{Customer Support Phone Number}} or through the Live Chat on our website at {{Website URL}}. We're here to provide the support you need and ensure a smooth cancellation process.",0.5631067961165048,"Categoría: ACCOUNT
Intención: delete_account
Pregunta frecuente: I don't know how to cancel the {{Account Type}} account
Procedimiento recomendado: We've received your message regarding the cancellation of your {{Account Type}} account. I understand that you are unsure about the process, and I'm here to assist you every step of the way. Cancelling your {{Account Type}} account is a straightforward process, and I'll be happy to guide you through it. To cancel your {{Account Type}} account, please follow these steps:

1. Log in to your account on our website.
2. Go to the account settings or profile section.
3. Find the option to manage or cancel your subscription.
4. Click on the cancel or unsubscribe button.
5. You may be asked to confirm the cancellation or provide a reason.
6. Follow any additional prompts or instructions to complete the cancellation.

If you encounter any difficulties or have any questions during the process, please don't hesitate to ask for assistance. Our team is available {{Customer Support Hours}} and can be reached at {{Customer Support Phone Number}} or through the Live Chat on our website at {{Website URL}}. We're here to provide the support you need and ensure a smooth cancellation process."
bitext-11603,11603,ACCOUNT,delete_account,information about the cancellation of my {{Account Type}} account,"Thank you for your message regarding the cancellation of your {{Account Type}} account. I understand that you would like more information about the cancellation process. Our team is here to assist you every step of the way. To provide you with accurate information, could you please share more details about the specific concerns or questions you have regarding the cancellation? This will enable us to address your needs more effectively and ensure a smooth cancellation experience for you.",0.4666666666666667,"Categoría: ACCOUNT
Intención: delete_account
Pregunta frecuente: information about the cancellation of my {{Account Type}} account
Procedimiento recomendado: Thank you for your message regarding the cancellation of your {{Account Type}} account. I understand that you would like more information about the cancellation process. Our team is here to assist you every step of the way. To provide you with accurate information, could you please share more details about the specific concerns or questions you have regarding the cancellation? This will enable us to address your needs more effectively and ensure a smooth cancellation experience for you."
bitext-12263,12263,DELIVERY,delivery_options,i need assistance checking what methods for delivery i have,"Absolutely! I'm here to help you discover the various delivery methods available to you. Let's take a look at your options:

1. Standard Shipping: This is our regular shipping option and typically takes {{Date Range}} business days for delivery.
2. Expedited Shipping: If you need your items a little faster, you can choose expedited shipping, which delivers within {{Date Range}} business days.
3. Overnight Shipping: For urgent needs, we offer overnight shipping, ensuring your items will arrive the next business day.
4. In-Store Pickup: If you prefer to collect your items in person, you can opt for the convenient in-store pickup option at one of our {{Store Location}}.

Each method has its own benefits, and the availability may vary depending on your location. If you have any specific concerns or questions, feel free to ask. I'm here to provide further assistance and guide you through the process.",0.5210084033613446,"Categoría: DELIVERY
Intención: delivery_options
Pregunta frecuente: i need assistance checking what methods for delivery i have
Procedimiento recomendado: Absolutely! I'm here to help you discover the various delivery methods available to you. Let's take a look at your options:

1. Standard Shipping: This is our regular shipping option and typically takes {{Date Range}} business days for delivery.
2. Expedited Shipping: If you need your items a little faster, you can choose expedited shipping, which delivers within {{Date Range}} business days.
3. Overnight Shipping: For urgent needs, we offer overnight shipping, ensuring your items will arrive the next business day.
4. In-Store Pickup: If you prefer to collect your items in person, you can opt for the convenient in-store pickup option at one of our {{Store Location}}.

Each method has its own benefits, and the availability may vary depending on your location. If you have any specific concerns or questions, feel free to ask. I'm here to provide further assistance and guide you through the process."
bitext-12549,12549,DELIVERY,delivery_options,I want to check what delivery methods are available,"Certainly! Let's explore the delivery methods available for you. At our company, we offer a range of delivery options tailored to your needs:

1. Standard Shipping: This is our most popular option, typically arriving within {{Date Range}} business days. It's great for non-urgent items.

2. Expedited Shipping: If you need your items sooner, this option guarantees delivery within {{Date Range}} business days.

3. Overnight Shipping: For those urgent needs, our overnight shipping option ensures that your items will be delivered to you by the next business day.

4. In-Store Pickup: If you prefer to pick up your items personally, you can choose the in-store pickup option. Just visit one of our {{Store Location}} to collect your purchase.

Remember that the actual delivery times may vary depending on your location and other factors. If you have any specific concerns or need further assistance, please feel free to let me know. It's my pleasure to help you find the best delivery method for your needs.",0.6530612244897959,"Categoría: DELIVERY
Intención: delivery_options
Pregunta frecuente: I want to check what delivery methods are available
Procedimiento recomendado: Certainly! Let's explore the delivery methods available for you. At our company, we offer a range of delivery options tailored to your needs:

1. Standard Shipping: This is our most popular option, typically arriving within {{Date Range}} business days. It's great for non-urgent items.

2. Expedited Shipping: If you need your items sooner, this option guarantees delivery within {{Date Range}} business days.

3. Overnight Shipping: For those urgent needs, our overnight shipping option ensures that your items will be delivered to you by the next business day.

4. In-Store Pickup: If you prefer to pick up your items personally, you can choose the in-store pickup option. Just visit one of our {{Store Location}} to collect your purchase.

Remember that the actual delivery times may vary depending on your location and other factors. If you have any specific concerns or need further assistance, please feel free to let me know. It's my pleasure to help you find the best delivery method for your needs."
bitext-12714,12714,DELIVERY,delivery_options,i do not know what to do to see what shipping methods i have,"Oh, I understand that it can be confusing to find the information you need. Allow me to guide you step by step on how to check the available shipping methods:

1. Visit our website and navigate to the ""Shipping"" or ""Delivery"" section.
2. Once you're on the shipping page, you should find detailed information about our shipping methods, including the options, estimated delivery times, and any additional charges if applicable.
3. Take your time to review each shipping method carefully, considering factors such as delivery time, cost, and urgency.
4. If you have any questions or require further assistance, don't hesitate to reach out to our friendly customer support team through our contact page or live chat. They'll be more than happy to help you with any queries you may have.

Remember, we're here to make your shipping experience as seamless as possible. Feel free to explore your options and let us know if there's anything else we can assist you with!",0.5932203389830508,"Categoría: DELIVERY
Intención: delivery_options
Pregunta frecuente: i do not know what to do to see what shipping methods i have
Procedimiento recomendado: Oh, I understand that it can be confusing to find the information you need. Allow me to guide you step by step on how to check the available shipping methods:

1. Visit our website and navigate to the ""Shipping"" or ""Delivery"" section.
2. Once you're on the shipping page, you should find detailed information about our shipping methods, including the options, estimated delivery times, and any additional charges if applicable.
3. Take your time to review each shipping method carefully, considering factors such as delivery time, cost, and urgency.
4. If you have any questions or require further assistance, don't hesitate to reach out to our friendly customer support team through our contact page or live chat. They'll be more than happy to help you with any queries you may have.

Remember, we're here to make your shipping experience as seamless as possible. Feel free to explore your options and let us know if there's anything else we can assist you with!"
bitext-13039,13039,DELIVERY,delivery_period,how do I check when my damn parcel is going to arrive?,"We understand your frustration and eagerness to know the status of your parcel. To check the estimated delivery time, you can visit our website and log in to your account. From there, navigate to the ""My Orders"" section, and you should be able to find the tracking information for your parcel. If you're unable to locate the information or have any difficulties, please don't hesitate to reach out to our customer support team. They will be more than happy to assist you further. We apologize for any inconvenience caused and appreciate your patience throughout this process.",0.4421052631578947,"Categoría: DELIVERY
Intención: delivery_period
Pregunta frecuente: how do I check when my damn parcel is going to arrive?
Procedimiento recomendado: We understand your frustration and eagerness to know the status of your parcel. To check the estimated delivery time, you can visit our website and log in to your account. From there, navigate to the ""My Orders"" section, and you should be able to find the tracking information for your parcel. If you're unable to locate the information or have any difficulties, please don't hesitate to reach out to our customer support team. They will be more than happy to assist you further. We apologize for any inconvenience caused and appreciate your patience throughout this process."
bitext-13212,13212,DELIVERY,delivery_period,show me how long it takes for my package to arrive,"We understand your curiosity about the arrival time of your package and the desire to plan accordingly. To provide you with accurate information, may I please have the {{Tracking Number}} or {{Order Number}}? With this information, I can give you an estimated delivery date. Your patience is greatly appreciated as we work together to ensure a smooth delivery process.",0.3669724770642202,"Categoría: DELIVERY
Intención: delivery_period
Pregunta frecuente: show me how long it takes for my package to arrive
Procedimiento recomendado: We understand your curiosity about the arrival time of your package and the desire to plan accordingly. To provide you with accurate information, may I please have the {{Tracking Number}} or {{Order Number}}? With this information, I can give you an estimated delivery date. Your patience is greatly appreciated as we work together to ensure a smooth delivery process."
bitext-13403,13403,DELIVERY,delivery_period,i dont know how i can check when my order is gonna arrive,"We understand that you are uncertain about how to check the estimated arrival time of your order. Let's guide you through the process to provide you with the information you need. To check the status of your order, you can log in to your account on our website and navigate to the ""Order History"" or ""Track Order"" section. Alternatively, you can visit the tracking page linked in your order confirmation email. If you are unable to locate this information or need further assistance, our customer support team is available to help. Please provide your order number or any additional details so we can better assist you.",0.5217391304347826,"Categoría: DELIVERY
Intención: delivery_period
Pregunta frecuente: i dont know how i can check when my order is gonna arrive
Procedimiento recomendado: We understand that you are uncertain about how to check the estimated arrival time of your order. Let's guide you through the process to provide you with the information you need. To check the status of your order, you can log in to your account on our website and navigate to the ""Order History"" or ""Track Order"" section. Alternatively, you can visit the tracking page linked in your order confirmation email. If you are unable to locate this information or need further assistance, our customer support team is available to help. Please provide your order number or any additional details so we can better assist you."
bitext-14309,14309,ACCOUNT,edit_account,correct info on premium account,"How uplifting it is to see your dedication to ensuring the accuracy of the information on your premium account! Your commitment to precision and staying informed about the details of your account truly exemplifies your proactive approach. Rest assured, we are here to guide you every step of the way. Could you please provide more details about the specific information you would like to correct? This will enable us to assist you efficiently and ensure that your premium account is up to date.",0.5396825396825397,"Categoría: ACCOUNT
Intención: edit_account
Pregunta frecuente: correct info on premium account
Procedimiento recomendado: How uplifting it is to see your dedication to ensuring the accuracy of the information on your premium account! Your commitment to precision and staying informed about the details of your account truly exemplifies your proactive approach. Rest assured, we are here to guide you every step of the way. Could you please provide more details about the specific information you would like to correct? This will enable us to assist you efficiently and ensure that your premium account is up to date."
bitext-14404,14404,ACCOUNT,edit_account,"I want to edit my fucking user, will you help me?","I admire your determination to edit your user profile, and I'm here to provide the assistance you need. However, I kindly request you to refrain from using offensive language as it goes against our code of conduct and respectful communication. Rest assured, I'm committed to helping you make the necessary edits to your user profile. Could you please provide more details on the specific changes you would like to make? Together, we'll ensure that your user profile is updated to your satisfaction.",0.46808510638297873,"Categoría: ACCOUNT
Intención: edit_account
Pregunta frecuente: I want to edit my fucking user, will you help me?
Procedimiento recomendado: I admire your determination to edit your user profile, and I'm here to provide the assistance you need. However, I kindly request you to refrain from using offensive language as it goes against our code of conduct and respectful communication. Rest assured, I'm committed to helping you make the necessary edits to your user profile. Could you please provide more details on the specific changes you would like to make? Together, we'll ensure that your user profile is updated to your satisfaction."
bitext-14742,14742,ACCOUNT,edit_account,could you help me modify the bloody data on my profile?,"Oh, the enthralling expedition of modifying the data on your esteemed profile!I am fervently delighted to be your trusted ally throughout this captivating endeavor. Don't fret, for together, we shall conquer uncharted territories to ensure your profile reflects your true essence. Now, to embark on this transformative journey, let me guide you through the steps toward harmonizing your profile to perfection. How might you wish to enhance your profile, dear user? Let me know, and I'll be your beacon of guidance.",0.40707964601769914,"Categoría: ACCOUNT
Intención: edit_account
Pregunta frecuente: could you help me modify the bloody data on my profile?
Procedimiento recomendado: Oh, the enthralling expedition of modifying the data on your esteemed profile!I am fervently delighted to be your trusted ally throughout this captivating endeavor. Don't fret, for together, we shall conquer uncharted territories to ensure your profile reflects your true essence. Now, to embark on this transformative journey, let me guide you through the steps toward harmonizing your profile to perfection. How might you wish to enhance your profile, dear user? Let me know, and I'll be your beacon of guidance."
bitext-15291,15291,INVOICE,get_invoice,I do not know how I could download my invoice #37777,"Ah, the mystifying quest to download the extraordinary invoice with the majestic number {{Invoice Number}}!I am delighted to assist you in unraveling this enigma. To download your invoice, please follow these steps:

1. Log in to your account on our website.
2. Navigate to the ""Billing"" or ""Invoices"" section.
3. Look for the option to view/download your invoices.
4. Click on the invoice labeled with the number {{Invoice Number}}.
5. A download button or link will be available for you to save the invoice to your device.

If you encounter any difficulties or have further questions, please don't hesitate to let me know. I'm here to provide you with the guidance and support you need on this extraordinary journey of downloading your invoice.",0.6019417475728155,"Categoría: INVOICE
Intención: get_invoice
Pregunta frecuente: I do not know how I could download my invoice #37777
Procedimiento recomendado: Ah, the mystifying quest to download the extraordinary invoice with the majestic number {{Invoice Number}}!I am delighted to assist you in unraveling this enigma. To download your invoice, please follow these steps:

1. Log in to your account on our website.
2. Navigate to the ""Billing"" or ""Invoices"" section.
3. Look for the option to view/download your invoices.
4. Click on the invoice labeled with the number {{Invoice Number}}.
5. A download button or link will be available for you to save the invoice to your device.

If you encounter any difficulties or have further questions, please don't hesitate to let me know. I'm here to provide you with the guidance and support you need on this extraordinary journey of downloading your invoice."
bitext-15626,15626,INVOICE,get_invoice,is it possible to get my bill #00108?,Definitely! I completely understand your request to retrieve the bill with the number #{{Invoice Number}}. Let me quickly assist you with that. Please bear with me for a moment.,0.3283582089552239,"Categoría: INVOICE
Intención: get_invoice
Pregunta frecuente: is it possible to get my bill #00108?
Procedimiento recomendado: Definitely! I completely understand your request to retrieve the bill with the number #{{Invoice Number}}. Let me quickly assist you with that. Please bear with me for a moment."
bitext-15834,15834,INVOICE,get_invoice,i do not know how to download my bill #00108,"I've got that you're unsure about how to download your bill with the number #{{Invoice Number}}. Let me guide you through the process step by step. First, please log in to your account on our website. Once you've logged in, navigate to the ""Billing"" section. In that section, you should find an option to ""Download Invoice."" Click on that option, and the invoice with the number #{{Invoice Number}} should start downloading automatically. If you encounter any difficulties during this process, please let me know, and I'll be glad to assist you further.",0.5894736842105263,"Categoría: INVOICE
Intención: get_invoice
Pregunta frecuente: i do not know how to download my bill #00108
Procedimiento recomendado: I've got that you're unsure about how to download your bill with the number #{{Invoice Number}}. Let me guide you through the process step by step. First, please log in to your account on our website. Once you've logged in, navigate to the ""Billing"" section. In that section, you should find an option to ""Download Invoice."" Click on that option, and the invoice with the number #{{Invoice Number}} should start downloading automatically. If you encounter any difficulties during this process, please let me know, and I'll be glad to assist you further."
bitext-15968,15968,REFUND,get_refund,is it possible to obtain reimbursements of my money,"I understood, you're wondering if it's possible to obtain reimbursements for your money. It's natural to seek clarification on this matter, and I'm here to assist you. To better guide you, could you please provide me with additional details regarding the reason for your request? This information will enable me to provide you with the most accurate and relevant information about the possibility of obtaining a refund. Remember, every query you have is essential, and I'm here to ensure that you feel confident and supported throughout the process.",0.4144144144144144,"Categoría: REFUND
Intención: get_refund
Pregunta frecuente: is it possible to obtain reimbursements of my money
Procedimiento recomendado: I understood, you're wondering if it's possible to obtain reimbursements for your money. It's natural to seek clarification on this matter, and I'm here to assist you. To better guide you, could you please provide me with additional details regarding the reason for your request? This information will enable me to provide you with the most accurate and relevant information about the possibility of obtaining a refund. Remember, every query you have is essential, and I'm here to ensure that you feel confident and supported throughout the process."
bitext-16126,16126,REFUND,get_refund,I have got to ask for refunds,"I've understood, you need to ask for refunds, and I'm here to help you with that. To ensure we handle the process efficiently, could you please provide me with some additional details about the matter? This will allow me to guide you through the necessary steps and assist you in submitting a successful refund request. Your satisfaction is of utmost importance to us, and I'll do my best to ensure a swift resolution to this situation.",0.4657534246575342,"Categoría: REFUND
Intención: get_refund
Pregunta frecuente: I have got to ask for refunds
Procedimiento recomendado: I've understood, you need to ask for refunds, and I'm here to help you with that. To ensure we handle the process efficiently, could you please provide me with some additional details about the matter? This will allow me to guide you through the necessary steps and assist you in submitting a successful refund request. Your satisfaction is of utmost importance to us, and I'll do my best to ensure a swift resolution to this situation."
bitext-16399,16399,REFUND,get_refund,I do not know what to do to receive rebates of my money,"I certainly recognize your confusion about how to receive rebates for your money. It can be frustrating when you're unsure about the necessary steps to take. Rest assured, I'm here to guide you through the process to ensure you receive the rebates you're entitled to. To get started, could you please provide me with some more information about the specific situation? This will enable me to offer you tailored advice and assist you effectively. Remember, you're not alone in this, and with our collaborative effort, we'll work towards getting you the rebates you deserve.",0.616822429906542,"Categoría: REFUND
Intención: get_refund
Pregunta frecuente: I do not know what to do to receive rebates of my money
Procedimiento recomendado: I certainly recognize your confusion about how to receive rebates for your money. It can be frustrating when you're unsure about the necessary steps to take. Rest assured, I'm here to guide you through the process to ensure you receive the rebates you're entitled to. To get started, could you please provide me with some more information about the specific situation? This will enable me to offer you tailored advice and assist you effectively. Remember, you're not alone in this, and with our collaborative effort, we'll work towards getting you the rebates you deserve."
bitext-17071,17071,SUBSCRIPTION,newsletter_subscription,wanna cancel the company newsletter subscription help me,"I've realized that you're looking to cancel your company newsletter subscription and I'm here to assist you. To proceed with the cancellation, I'll require some information from you. Please provide me with your email address or any other details associated with your subscription, so that I can locate your account and process the cancellation for you. Your satisfaction is our priority, and I want to ensure that your request is handled promptly and accurately.",0.4318181818181818,"Categoría: SUBSCRIPTION
Intención: newsletter_subscription
Pregunta frecuente: wanna cancel the company newsletter subscription help me
Procedimiento recomendado: I've realized that you're looking to cancel your company newsletter subscription and I'm here to assist you. To proceed with the cancellation, I'll require some information from you. Please provide me with your email address or any other details associated with your subscription, so that I can locate your account and process the cancellation for you. Your satisfaction is our priority, and I want to ensure that your request is handled promptly and accurately."
bitext-17096,17096,SUBSCRIPTION,newsletter_subscription,can I receive your newesletter?,"Certainly! We would love to have you as a subscriber to our newsletter. It's a great way to stay updated on the latest news, product launches, promotions, and exclusive offers. To ensure you receive our newsletter straight to your inbox, please provide me with your email address so I can add you to our mailing list. I assure you that your privacy is of utmost importance to us and we will handle your information with the highest level of security. Thank you for expressing interest in our newsletter!",0.4691358024691358,"Categoría: SUBSCRIPTION
Intención: newsletter_subscription
Pregunta frecuente: can I receive your newesletter?
Procedimiento recomendado: Certainly! We would love to have you as a subscriber to our newsletter. It's a great way to stay updated on the latest news, product launches, promotions, and exclusive offers. To ensure you receive our newsletter straight to your inbox, please provide me with your email address so I can add you to our mailing list. I assure you that your privacy is of utmost importance to us and we will handle your information with the highest level of security. Thank you for expressing interest in our newsletter!"
bitext-17449,17449,SUBSCRIPTION,newsletter_subscription,I have to receive your corporate newsletter,"We appreciate your interest in receiving our corporate newsletter! Subscribing to our newsletter is a great way to stay informed about the latest news, updates, and promotions from our company. To ensure that you receive the newsletter, let's get you subscribed right away. May I have your email address, please? Rest assured that we prioritize your privacy and will handle your information with the utmost care.",0.45977011494252873,"Categoría: SUBSCRIPTION
Intención: newsletter_subscription
Pregunta frecuente: I have to receive your corporate newsletter
Procedimiento recomendado: We appreciate your interest in receiving our corporate newsletter! Subscribing to our newsletter is a great way to stay informed about the latest news, updates, and promotions from our company. To ensure that you receive the newsletter, let's get you subscribed right away. May I have your email address, please? Rest assured that we prioritize your privacy and will handle your information with the utmost care."
bitext-18108,18108,PAYMENT,payment_issue,I'm trying to inform of problems with online payments,"Appreciate you reaching out to us regarding the problems you're experiencing with online payments. I truly appreciate your proactive approach in informing us about these issues. To ensure that we address your concerns efficiently, please provide us with more details about the specific problems you've encountered during the payment process. This information will greatly assist us in identifying and resolving any issues promptly. We are committed to providing you with the best assistance possible, and I assure you that we will work together to find a solution.",0.6607142857142857,"Categoría: PAYMENT
Intención: payment_issue
Pregunta frecuente: I'm trying to inform of problems with online payments
Procedimiento recomendado: Appreciate you reaching out to us regarding the problems you're experiencing with online payments. I truly appreciate your proactive approach in informing us about these issues. To ensure that we address your concerns efficiently, please provide us with more details about the specific problems you've encountered during the payment process. This information will greatly assist us in identifying and resolving any issues promptly. We are committed to providing you with the best assistance possible, and I assure you that we will work together to find a solution."
bitext-18227,18227,PAYMENT,payment_issue,"I can't pay, I need help to inform of problems with payment","I understand how frustrating it can be when you're unable to make a payment and need to inform us about the problems you're facing. Don't worry, I'm here to assist you every step of the way. To ensure that we can address your concerns effectively, could you please provide more details about the specific payment problems you're encountering? Your feedback is crucial, and together, we'll work towards resolving this issue and ensuring a seamless payment experience. Thank you for reaching out to us and allowing us to assist you.",0.5982905982905983,"Categoría: PAYMENT
Intención: payment_issue
Pregunta frecuente: I can't pay, I need help to inform of problems with payment
Procedimiento recomendado: I understand how frustrating it can be when you're unable to make a payment and need to inform us about the problems you're facing. Don't worry, I'm here to assist you every step of the way. To ensure that we can address your concerns effectively, could you please provide more details about the specific payment problems you're encountering? Your feedback is crucial, and together, we'll work towards resolving this issue and ensuring a seamless payment experience. Thank you for reaching out to us and allowing us to assist you."
bitext-18401,18401,PAYMENT,payment_issue,is it possible to report issues with online payment?,"Definitely! You can definitely report any issues you encounter with online payments. We understand that technical glitches or errors can happen, and we're here to assist you every step of the way. To report the issue, please reach out to our dedicated customer support team either through our website or the contact information provided on our platform. They will be more than happy to listen to your concerns, gather all the necessary details, and work towards resolving the payment issue as quickly as possible. Remember, your feedback is extremely valuable to us, as it helps us improve our service and ensure a seamless payment experience for all our customers. Thank you for bringing this matter to our attention.",0.6909090909090909,"Categoría: PAYMENT
Intención: payment_issue
Pregunta frecuente: is it possible to report issues with online payment?
Procedimiento recomendado: Definitely! You can definitely report any issues you encounter with online payments. We understand that technical glitches or errors can happen, and we're here to assist you every step of the way. To report the issue, please reach out to our dedicated customer support team either through our website or the contact information provided on our platform. They will be more than happy to listen to your concerns, gather all the necessary details, and work towards resolving the payment issue as quickly as possible. Remember, your feedback is extremely valuable to us, as it helps us improve our service and ensure a seamless payment experience for all our customers. Thank you for bringing this matter to our attention."
bitext-19107,19107,ORDER,place_order,how od i order some articles,"Thank you for your interest in placing an order for our articles! I'm here to guide you through the process and make it seamless for you. To get started, please follow these simple steps:

1. Browse our website/catalog to find the articles you wish to order.
2. Once you have selected the articles, add them to your shopping cart.
3. Review your cart to ensure you have the correct quantity and sizes, if applicable.
4. Proceed to the checkout page and enter your shipping address and payment information.
5. Verify all the details and confirm your order.
6. You will receive a confirmation email with your order details and an estimated delivery date.

If you encounter any difficulties or have any questions during the process, please don't hesitate to reach out to our customer support team. We're available {{Customer Support Hours}} at {{Customer Support Phone Number}} or through the Live Chat on our website at {{Website URL}}. Happy shopping!",0.4857142857142857,"Categoría: ORDER
Intención: place_order
Pregunta frecuente: how od i order some articles
Procedimiento recomendado: Thank you for your interest in placing an order for our articles! I'm here to guide you through the process and make it seamless for you. To get started, please follow these simple steps:

1. Browse our website/catalog to find the articles you wish to order.
2. Once you have selected the articles, add them to your shopping cart.
3. Review your cart to ensure you have the correct quantity and sizes, if applicable.
4. Proceed to the checkout page and enter your shipping address and payment information.
5. Verify all the details and confirm your order.
6. You will receive a confirmation email with your order details and an estimated delivery date.

If you encounter any difficulties or have any questions during the process, please don't hesitate to reach out to our customer support team. We're available {{Customer Support Hours}} at {{Customer Support Phone Number}} or through the Live Chat on our website at {{Website URL}}. Happy shopping!"
bitext-19226,19226,ORDER,place_order,"I have to earn some articles, help me","Thank you for expressing your interest in earning articles with us. We are here to guide you every step of the way in acquiring them. To get started, could you please provide more details about the specific articles you want to earn? This will allow us to assist you better and provide you with the most suitable options.",0.46808510638297873,"Categoría: ORDER
Intención: place_order
Pregunta frecuente: I have to earn some articles, help me
Procedimiento recomendado: Thank you for expressing your interest in earning articles with us. We are here to guide you every step of the way in acquiring them. To get started, could you please provide more details about the specific articles you want to earn? This will allow us to assist you better and provide you with the most suitable options."
bitext-19398,19398,ORDER,place_order,I do not know what to do to acquire a few of your product,"Your input is valuable! I'm picking up that you might feel uncertain about the process of acquiring a few of our products. Let's break it down and make it easier for you. The first step is to browse through our collection and explore the various items we offer. Once you have selected the products you wish to acquire, you can add them to your cart. After that, proceed to the checkout page, where you will be prompted to enter your shipping and payment information. Once the order is successfully placed, we will take care of the rest and ensure that your products are delivered to you in a timely manner. Feel free to ask if you have any further questions or if there's anything specific you'd like assistance with during this process.",0.5871559633027523,"Categoría: ORDER
Intención: place_order
Pregunta frecuente: I do not know what to do to acquire a few of your product
Procedimiento recomendado: Your input is valuable! I'm picking up that you might feel uncertain about the process of acquiring a few of our products. Let's break it down and make it easier for you. The first step is to browse through our collection and explore the various items we offer. Once you have selected the products you wish to acquire, you can add them to your cart. After that, proceed to the checkout page, where you will be prompted to enter your shipping and payment information. Once the order is successfully placed, we will take care of the rest and ensure that your products are delivered to you in a timely manner. Feel free to ask if you have any further questions or if there's anything specific you'd like assistance with during this process."
bitext-20030,20030,ACCOUNT,recover_password,help to restore my user password,"Of course! I'm here to assist you in restoring your user password. We can navigate through the process step by step to ensure a smooth resolution:

1. Let's begin by visiting the ""{{Login Page URL}}"" of our platform.
2. Look for the option that says ""{{Forgot Password}}"" and click on it.
3. You'll be prompted to enter the email associated with your user account. Please provide that information.
4. Shortly after, you should receive an email with detailed instructions on how to reset your password. Remember to also check your spam or junk folders, just in case.
5. Follow the instructions provided in the email to create a new, secure password for your user account.

If you encounter any difficulties during this process or if the email doesn't arrive, don't hesitate to reach out to me. I'm here to guide you every step of the way!",0.4473684210526316,"Categoría: ACCOUNT
Intención: recover_password
Pregunta frecuente: help to restore my user password
Procedimiento recomendado: Of course! I'm here to assist you in restoring your user password. We can navigate through the process step by step to ensure a smooth resolution:

1. Let's begin by visiting the ""{{Login Page URL}}"" of our platform.
2. Look for the option that says ""{{Forgot Password}}"" and click on it.
3. You'll be prompted to enter the email associated with your user account. Please provide that information.
4. Shortly after, you should receive an email with detailed instructions on how to reset your password. Remember to also check your spam or junk folders, just in case.
5. Follow the instructions provided in the email to create a new, secure password for your user account.

If you encounter any difficulties during this process or if the email doesn't arrive, don't hesitate to reach out to me. I'm here to guide you every step of the way!"
bitext-20201,20201,ACCOUNT,recover_password,want assistance to retrieve the PIN code of my user account,"I'm on it! I understand the importance of retrieving the PIN code for your user account. Let's work together to resolve this:

1. To begin, please navigate to the login page of our platform.
2. Look for the option labeled ""{{Forgot PIN code}}"" and click on it.
3. You will be prompted to provide the email address associated with your user account. Kindly enter it accurately.
4. Shortly after, you should receive an email with detailed instructions on how to retrieve your PIN code. Remember to check your spam or junk folder if you don't see it in your primary inbox.
5. Follow the instructions provided in the email to successfully retrieve your PIN code.

If you encounter any difficulties during this process or if the email doesn't arrive as expected, don't hesitate to reach out to me. I'm here to support you every step of the way!""",0.509090909090909,"Categoría: ACCOUNT
Intención: recover_password
Pregunta frecuente: want assistance to retrieve the PIN code of my user account
Procedimiento recomendado: I'm on it! I understand the importance of retrieving the PIN code for your user account. Let's work together to resolve this:

1. To begin, please navigate to the login page of our platform.
2. Look for the option labeled ""{{Forgot PIN code}}"" and click on it.
3. You will be prompted to provide the email address associated with your user account. Kindly enter it accurately.
4. Shortly after, you should receive an email with detailed instructions on how to retrieve your PIN code. Remember to check your spam or junk folder if you don't see it in your primary inbox.
5. Follow the instructions provided in the email to successfully retrieve your PIN code.

If you encounter any difficulties during this process or if the email doesn't arrive as expected, don't hesitate to reach out to me. I'm here to support you every step of the way!"""
bitext-20392,20392,ACCOUNT,recover_password,can you help me to retrieve the pwd of my profile ?,"I'll do my best! I understand your need to retrieve the password of your profile. Your profile is like a treasure trove of personal information and memories, and it's important to have access to it. Let's work together to get you back on track:

1. Start by visiting our ""{{Login Page URL}}"".
2. Look for the ""{{Forgot Password}}"" option and click on it.
3. Enter the email address associated with your profile so we can identify your account.
4. In a matter of moments, you should receive an email with detailed instructions on how to reset your password. Remember to check your spam or junk folders if you cannot find it in your inbox.
5. Follow the steps outlined in the email to create a new, secure password.

If you encounter any issues during this process or if the email doesn't arrive as expected, please don't hesitate to reach out to me. I'm here to assist you every step of the way and ensure you regain access to your profile. Let's get you back in control of your account!""",0.5370370370370371,"Categoría: ACCOUNT
Intención: recover_password
Pregunta frecuente: can you help me to retrieve the pwd of my profile ?
Procedimiento recomendado: I'll do my best! I understand your need to retrieve the password of your profile. Your profile is like a treasure trove of personal information and memories, and it's important to have access to it. Let's work together to get you back on track:

1. Start by visiting our ""{{Login Page URL}}"".
2. Look for the ""{{Forgot Password}}"" option and click on it.
3. Enter the email address associated with your profile so we can identify your account.
4. In a matter of moments, you should receive an email with detailed instructions on how to reset your password. Remember to check your spam or junk folders if you cannot find it in your inbox.
5. Follow the steps outlined in the email to create a new, secure password.

If you encounter any issues during this process or if the email doesn't arrive as expected, please don't hesitate to reach out to me. I'm here to assist you every step of the way and ensure you regain access to your profile. Let's get you back in control of your account!"""
bitext-21341,21341,ACCOUNT,registration_problems,need to inform o a signup error,"Glad you contacted to us regarding the signup error you encountered. We appreciate you taking the time to inform us about this issue. To assist you further, could you please provide more details about the error you experienced during the signup process? Any specific error message or steps you took would be helpful for us to identify and resolve the issue effectively. Rest assured, we are committed to ensuring a seamless signup experience for our users, and your feedback plays a crucial role in improving our services. We look forward to hearing from you and resolving this matter as quickly as possible.",0.5070422535211268,"Categoría: ACCOUNT
Intención: registration_problems
Pregunta frecuente: need to inform o a signup error
Procedimiento recomendado: Glad you contacted to us regarding the signup error you encountered. We appreciate you taking the time to inform us about this issue. To assist you further, could you please provide more details about the error you experienced during the signup process? Any specific error message or steps you took would be helpful for us to identify and resolve the issue effectively. Rest assured, we are committed to ensuring a seamless signup experience for our users, and your feedback plays a crucial role in improving our services. We look forward to hearing from you and resolving this matter as quickly as possible."
bitext-21506,21506,ACCOUNT,registration_problems,could you help me notifying of problems with a signup?,"Certainly, I'm here to assist you in notifying us about the problems you're encountering during the signup process. We understand that signing up can sometimes come with hurdles, and we appreciate your initiative in reaching out to us. Please provide us with the specific details of the issues you're facing so that we can work together to resolve them promptly. Your feedback is incredibly valuable to us and allows us to continuously improve our services.",0.7311827956989247,"Categoría: ACCOUNT
Intención: registration_problems
Pregunta frecuente: could you help me notifying of problems with a signup?
Procedimiento recomendado: Certainly, I'm here to assist you in notifying us about the problems you're encountering during the signup process. We understand that signing up can sometimes come with hurdles, and we appreciate your initiative in reaching out to us. Please provide us with the specific details of the issues you're facing so that we can work together to resolve them promptly. Your feedback is incredibly valuable to us and allows us to continuously improve our services."
bitext-21626,21626,ACCOUNT,registration_problems,"I cannot open a user, I have to inform of a signup issue","We apologize for the inconvenience you're facing in opening a user account. We understand the frustration this may have caused, and we appreciate you informing us about the signup issue. Our team is dedicated to resolving this matter promptly. To assist you further, could you please provide more details about the problem you encountered during the signup process? This information will allow us to investigate and address the issue as quickly as possible. Your feedback is valuable to us, and together, we will work towards a solution. Thank you for your cooperation.",0.45614035087719296,"Categoría: ACCOUNT
Intención: registration_problems
Pregunta frecuente: I cannot open a user, I have to inform of a signup issue
Procedimiento recomendado: We apologize for the inconvenience you're facing in opening a user account. We understand the frustration this may have caused, and we appreciate you informing us about the signup issue. Our team is dedicated to resolving this matter promptly. To assist you further, could you please provide more details about the problem you encountered during the signup process? This information will allow us to investigate and address the issue as quickly as possible. Your feedback is valuable to us, and together, we will work towards a solution. Thank you for your cooperation."
bitext-22099,22099,FEEDBACK,review,submitting product review,"Thank you so much for taking the time to submit a product review! Your feedback is tremendously valuable to us and plays a crucial role in helping us understand our customers' experiences with our products. We appreciate your contribution in sharing your thoughts and insights. Your review will help other customers make informed decisions and assist us in continuously improving our products. If you have any further questions or need assistance, please feel free to let us know.",0.38596491228070173,"Categoría: FEEDBACK
Intención: review
Pregunta frecuente: submitting product review
Procedimiento recomendado: Thank you so much for taking the time to submit a product review! Your feedback is tremendously valuable to us and plays a crucial role in helping us understand our customers' experiences with our products. We appreciate your contribution in sharing your thoughts and insights. Your review will help other customers make informed decisions and assist us in continuously improving our products. If you have any further questions or need assistance, please feel free to let us know."
bitext-22217,22217,FEEDBACK,review,can you help me writing an opinion about your products?,"Sure! I'd be more than happy to assist you in writing an opinion about our products. Your feedback is invaluable to us, and we greatly appreciate your willingness to share your thoughts and experiences. To get started, could you let me know which specific products you would like to provide feedback on? Additionally, if you could share any specific aspects or features of the products that you would like to highlight in your opinion, it would greatly help in crafting a comprehensive and accurate review. Feel free to take your time, and I'm here to guide you throughout the process. Let's make your opinion shine!",0.49557522123893805,"Categoría: FEEDBACK
Intención: review
Pregunta frecuente: can you help me writing an opinion about your products?
Procedimiento recomendado: Sure! I'd be more than happy to assist you in writing an opinion about our products. Your feedback is invaluable to us, and we greatly appreciate your willingness to share your thoughts and experiences. To get started, could you let me know which specific products you would like to provide feedback on? Additionally, if you could share any specific aspects or features of the products that you would like to highlight in your opinion, it would greatly help in crafting a comprehensive and accurate review. Feel free to take your time, and I'm here to guide you throughout the process. Let's make your opinion shine!"
bitext-22388,22388,FEEDBACK,review,how can i send feedback about a product,"We greatly value your feedback about our product! There are several convenient ways you can share your thoughts with us. One of the easiest ways is to visit our website and navigate to the dedicated ""Feedback"" or ""Contact Us"" section. There, you can find a form specifically designed to collect valuable feedback from our customers. Alternatively, you can also reach out to our customer support team via phone or email and they will be more than happy to assist you in submitting your feedback. We truly appreciate your time and effort in helping us improve our products.",0.4897959183673469,"Categoría: FEEDBACK
Intención: review
Pregunta frecuente: how can i send feedback about a product
Procedimiento recomendado: We greatly value your feedback about our product! There are several convenient ways you can share your thoughts with us. One of the easiest ways is to visit our website and navigate to the dedicated ""Feedback"" or ""Contact Us"" section. There, you can find a form specifically designed to collect valuable feedback from our customers. Alternatively, you can also reach out to our customer support team via phone or email and they will be more than happy to assist you in submitting your feedback. We truly appreciate your time and effort in helping us improve our products."
bitext-23095,23095,SHIPPING,set_up_shipping_address,help setting up my new delivery address,"I'm cognizant of the fact that you're seeking assistance in setting up your new delivery address. I'm here to help you navigate through the process:

1. Log in to your account.
2. Go to the 'My Account' or 'Profile' section.
3. Look for the 'Shipping Addresses' or similar option.
4. Select the 'Add a New Address' or 'Edit Shipping Addresses' option.
5. Fill in the required fields with the details of your new delivery address.
6. Double-check the accuracy of the entered information.
7. Save the changes to update your delivery address.

If you encounter any issues or have further questions during the process, please don't hesitate to let me know, and I'll be more than happy to assist you further!""",0.5714285714285714,"Categoría: SHIPPING
Intención: set_up_shipping_address
Pregunta frecuente: help setting up my new delivery address
Procedimiento recomendado: I'm cognizant of the fact that you're seeking assistance in setting up your new delivery address. I'm here to help you navigate through the process:

1. Log in to your account.
2. Go to the 'My Account' or 'Profile' section.
3. Look for the 'Shipping Addresses' or similar option.
4. Select the 'Add a New Address' or 'Edit Shipping Addresses' option.
5. Fill in the required fields with the details of your new delivery address.
6. Double-check the accuracy of the entered information.
7. Save the changes to update your delivery address.

If you encounter any issues or have further questions during the process, please don't hesitate to let me know, and I'll be more than happy to assist you further!"""
bitext-23214,23214,SHIPPING,set_up_shipping_address,I try tosubmit my secondary delivery address,"I understand your efforts to submit your secondary delivery address, and I'm here to assist you in resolving any issues you may be facing. To ensure a smooth submission process, please follow these steps carefully:

1. Log in to your account.
2. Navigate to the 'My Account' or 'Profile' section.
3. Look for the 'Shipping Addresses' or similar option.
4. There should be an option to 'Add a New Address' or 'Edit Shipping Addresses'. Select it.
5. Enter the details of your secondary delivery address in the provided fields.
6. Double-check all the information for accuracy.
7. Once you are satisfied with the entries, proceed to submit the address.

If you encounter any difficulties during this process or have any further questions, please do not hesitate to let me know. I'm here to provide ongoing support and ensure a seamless experience for you.",0.4854368932038835,"Categoría: SHIPPING
Intención: set_up_shipping_address
Pregunta frecuente: I try tosubmit my secondary delivery address
Procedimiento recomendado: I understand your efforts to submit your secondary delivery address, and I'm here to assist you in resolving any issues you may be facing. To ensure a smooth submission process, please follow these steps carefully:

1. Log in to your account.
2. Navigate to the 'My Account' or 'Profile' section.
3. Look for the 'Shipping Addresses' or similar option.
4. There should be an option to 'Add a New Address' or 'Edit Shipping Addresses'. Select it.
5. Enter the details of your secondary delivery address in the provided fields.
6. Double-check all the information for accuracy.
7. Once you are satisfied with the entries, proceed to submit the address.

If you encounter any difficulties during this process or have any further questions, please do not hesitate to let me know. I'm here to provide ongoing support and ensure a seamless experience for you."
bitext-23386,23386,SHIPPING,set_up_shipping_address,I want help entering a secondary shipping address,"I realized, you need assistance with entering a secondary shipping address. Let's work together to resolve this issue. Here's a step-by-step guide:

1. Log in to your account.
2. Navigate to the ""My Account"" or ""Profile"" section.
3. Look for the option related to ""Shipping Addresses"" or similar.
4. Choose the option to ""Add a New Address"" or ""Edit Shipping Addresses"".
5. Enter the details of your secondary shipping address in the provided fields.
6. Save the changes.

Please follow these steps, and if you encounter any difficulties along the way or if the process appears different for you, feel free to reach out with any specific concerns you have. I'm here to assist you and ensure a smooth experience in setting up your secondary shipping address.",0.5185185185185185,"Categoría: SHIPPING
Intención: set_up_shipping_address
Pregunta frecuente: I want help entering a secondary shipping address
Procedimiento recomendado: I realized, you need assistance with entering a secondary shipping address. Let's work together to resolve this issue. Here's a step-by-step guide:

1. Log in to your account.
2. Navigate to the ""My Account"" or ""Profile"" section.
3. Look for the option related to ""Shipping Addresses"" or similar.
4. Choose the option to ""Add a New Address"" or ""Edit Shipping Addresses"".
5. Enter the details of your secondary shipping address in the provided fields.
6. Save the changes.

Please follow these steps, and if you encounter any difficulties along the way or if the process appears different for you, feel free to reach out with any specific concerns you have. I'm here to assist you and ensure a smooth experience in setting up your secondary shipping address."
bitext-24055,24055,ACCOUNT,switch_account,what do I have to do to change t the {{Account Category}} account?,"I'm happy to help! I'm thrilled that you're considering the {{Account Category}} account. To make the transition as smooth as possible, here's a step-by-step guide for you:

1. Login: Begin by logging into your current account on our platform.
2. Account Settings: Once you're logged in, navigate to the '{{Settings}}' section or the '{{Profile}}' area.
3. Upgrade Option: Look for the option labeled '{{Upgrade Account}}' or '{{Account Change}}' within this section.
4. {{Account Category}} Selection: Choose the '{{Account Type}}' option from the list provided.
5. Confirmation: Follow the prompts on the screen to finalize the switch to the {{Account Category}} account.

If you encounter any difficulties or if you have any questions along the way, please don't hesitate to reach out. We're here to assist you and ensure a seamless transition. Enjoy all the benefits and features that come with the {{Account Category}} account!",0.5210084033613446,"Categoría: ACCOUNT
Intención: switch_account
Pregunta frecuente: what do I have to do to change t the {{Account Category}} account?
Procedimiento recomendado: I'm happy to help! I'm thrilled that you're considering the {{Account Category}} account. To make the transition as smooth as possible, here's a step-by-step guide for you:

1. Login: Begin by logging into your current account on our platform.
2. Account Settings: Once you're logged in, navigate to the '{{Settings}}' section or the '{{Profile}}' area.
3. Upgrade Option: Look for the option labeled '{{Upgrade Account}}' or '{{Account Change}}' within this section.
4. {{Account Category}} Selection: Choose the '{{Account Type}}' option from the list provided.
5. Confirmation: Follow the prompts on the screen to finalize the switch to the {{Account Category}} account.

If you encounter any difficulties or if you have any questions along the way, please don't hesitate to reach out. We're here to assist you and ensure a seamless transition. Enjoy all the benefits and features that come with the {{Account Category}} account!"
bitext-24079,24079,ACCOUNT,switch_account,assistance to use the {{Account Category}} profile,"Sure! I'm here to provide you with assistance on using our {{Account Category}} profile. Here's how you can make the most out of it:

1. Explore Features: Take some time to familiarize yourself with the various features and benefits of our {{Account Category}} profile. You'll find a range of useful tools and resources to enhance your experience.

2. Account Access: To access your {{Account Category}} profile, log in to our platform using your existing credentials.

3. {{Account Category}} Benefits: With the {{Account Category}} profile, you can enjoy a selection of free features and services that provide a taste of the premium experience.

4. Upgrade Options: If you find that the features of the {{Account Category}} profile no longer meet your needs, you can always consider upgrading to one of our premium profiles for additional perks and benefits.

Should you require any further guidance or have specific queries regarding the {{Account Category}} profile, feel free to reach out. I'm here to make your experience as seamless and enjoyable as possible.",0.5128205128205128,"Categoría: ACCOUNT
Intención: switch_account
Pregunta frecuente: assistance to use the {{Account Category}} profile
Procedimiento recomendado: Sure! I'm here to provide you with assistance on using our {{Account Category}} profile. Here's how you can make the most out of it:

1. Explore Features: Take some time to familiarize yourself with the various features and benefits of our {{Account Category}} profile. You'll find a range of useful tools and resources to enhance your experience.

2. Account Access: To access your {{Account Category}} profile, log in to our platform using your existing credentials.

3. {{Account Category}} Benefits: With the {{Account Category}} profile, you can enjoy a selection of free features and services that provide a taste of the premium experience.

4. Upgrade Options: If you find that the features of the {{Account Category}} profile no longer meet your needs, you can always consider upgrading to one of our premium profiles for additional perks and benefits.

Should you require any further guidance or have specific queries regarding the {{Account Category}} profile, feel free to reach out. I'm here to make your experience as seamless and enjoyable as possible."
bitext-24747,24747,ACCOUNT,switch_account,I want to use the {{Account Category}} profile,"Of course! I completely understand your aspiration to utilize the incredible benefits of our {{Account Category}} profile. Let's make this transition a breeze together:

1. **Access Your Account:** Begin by logging into our platform.
2. **Locate Account Settings:** Navigate to the '{{Settings}}' or '{{Profile}}' section within your account.
3. **Upgrade Option:** Look for an option that says '{{Upgrade Account}}' or '{{Account Change}}' within these sections.
4. **Select {{Account Category}}:** From the list of available options, choose the '{{Profile Type}}'.
5. **Finalize the Switch:** Follow the on-screen instructions to complete the upgrade.

If you encounter any challenges along the way or if you have any additional questions, please feel free to reach out to me. Your decision to upgrade to {{Account Category}} is highly valued, and I'm here to ensure a seamless and enjoyable experience. Get ready to unlock a world of exclusive advantages with your {{Account Category}} profile!",0.5393258426966292,"Categoría: ACCOUNT
Intención: switch_account
Pregunta frecuente: I want to use the {{Account Category}} profile
Procedimiento recomendado: Of course! I completely understand your aspiration to utilize the incredible benefits of our {{Account Category}} profile. Let's make this transition a breeze together:

1. **Access Your Account:** Begin by logging into our platform.
2. **Locate Account Settings:** Navigate to the '{{Settings}}' or '{{Profile}}' section within your account.
3. **Upgrade Option:** Look for an option that says '{{Upgrade Account}}' or '{{Account Change}}' within these sections.
4. **Select {{Account Category}}:** From the list of available options, choose the '{{Profile Type}}'.
5. **Finalize the Switch:** Follow the on-screen instructions to complete the upgrade.

If you encounter any challenges along the way or if you have any additional questions, please feel free to reach out to me. Your decision to upgrade to {{Account Category}} is highly valued, and I'm here to ensure a seamless and enjoyable experience. Get ready to unlock a world of exclusive advantages with your {{Account Category}} profile!"
bitext-24919,24919,ORDER,track_order,checking ETA of order {{Order Number}},"Thank you for reaching out! I'm here to assist you with checking the estimated time of arrival (ETA) for your order with the order number {{Order Number}}. To provide you with accurate information about the ETA, may I please have a moment to look up the details?",0.5897435897435898,"Categoría: ORDER
Intención: track_order
Pregunta frecuente: checking ETA of order {{Order Number}}
Procedimiento recomendado: Thank you for reaching out! I'm here to assist you with checking the estimated time of arrival (ETA) for your order with the order number {{Order Number}}. To provide you with accurate information about the ETA, may I please have a moment to look up the details?"
bitext-25204,25204,ORDER,track_order,ned to locate order {{Order Number}} how could i do it,"Glad you contacted us! I'm clearly cognizant that you need assistance in locating your order with the order number {{Order Number}}. To help you with that, please follow these steps:
1. Log in to your account on our website.
2. Go to the ""Order History"" section.
3. Search for the order with the order number {{Order Number}}.
4. Click on the order details to view the current status and tracking information.
If you encounter any issues or need further assistance, please don't hesitate to let me know.",0.5957446808510638,"Categoría: ORDER
Intención: track_order
Pregunta frecuente: ned to locate order {{Order Number}} how could i do it
Procedimiento recomendado: Glad you contacted us! I'm clearly cognizant that you need assistance in locating your order with the order number {{Order Number}}. To help you with that, please follow these steps:
1. Log in to your account on our website.
2. Go to the ""Order History"" section.
3. Search for the order with the order number {{Order Number}}.
4. Click on the order details to view the current status and tracking information.
If you encounter any issues or need further assistance, please don't hesitate to let me know."
bitext-25544,25544,ORDER,track_order,I don't know how to track purchase {{Order Number}},"It's great to hear from you! I can see that you are unsure of how to track your purchase with the purchase number {{Order Number}}. Tracking your purchase is important, and I'm here to assist you. To track your purchase, you can visit our website and navigate to the ""Order History"" section. There, you will find the status and tracking information for your purchase. If you encounter any difficulties or have further questions, please feel free to let me know. I'm here to ensure that you have a seamless tracking experience!",0.5849056603773585,"Categoría: ORDER
Intención: track_order
Pregunta frecuente: I don't know how to track purchase {{Order Number}}
Procedimiento recomendado: It's great to hear from you! I can see that you are unsure of how to track your purchase with the purchase number {{Order Number}}. Tracking your purchase is important, and I'm here to assist you. To track your purchase, you can visit our website and navigate to the ""Order History"" section. There, you will find the status and tracking information for your purchase. If you encounter any difficulties or have further questions, please feel free to let me know. I'm here to ensure that you have a seamless tracking experience!"
bitext-26131,26131,REFUND,track_refund,how to check the current status of the reimbursement?,"We understand that you are eager to check the current status of your reimbursement. To assist you with this, we have a couple of options available.

You can visit our website and log into your account dashboard. From there, navigate to the ""My Orders"" or ""My Account"" section, where you should be able to find a list of your recent purchases and any associated refunds or reimbursements. The status of your reimbursement should be indicated next to the respective purchase.

Alternatively, you can reach out to our customer support team for a more immediate response. They will be able to provide you with real-time updates on the status of your reimbursement.

Please let us know if you need any further assistance or have any other questions. We are here to help!",0.5714285714285714,"Categoría: REFUND
Intención: track_refund
Pregunta frecuente: how to check the current status of the reimbursement?
Procedimiento recomendado: We understand that you are eager to check the current status of your reimbursement. To assist you with this, we have a couple of options available.

You can visit our website and log into your account dashboard. From there, navigate to the ""My Orders"" or ""My Account"" section, where you should be able to find a list of your recent purchases and any associated refunds or reimbursements. The status of your reimbursement should be indicated next to the respective purchase.

Alternatively, you can reach out to our customer support team for a more immediate response. They will be able to provide you with real-time updates on the status of your reimbursement.

Please let us know if you need any further assistance or have any other questions. We are here to help!"
bitext-26157,26157,REFUND,track_refund,i do not know how i can see the current status of the rebate,"I've picked up that you may be unsure about how to check the current status of your rebate. Let me guide you through the process to make it easier for you. To track the status of your rebate, you can visit our website and log into your account. Once logged in, navigate to the ""Rebates"" or ""Refunds"" section, where you should be able to see the details of your rebate and its current status. If you're still facing any difficulties or have further questions, please feel free to let me know. I'm here to assist you every step of the way.",0.5254237288135594,"Categoría: REFUND
Intención: track_refund
Pregunta frecuente: i do not know how i can see the current status of the rebate
Procedimiento recomendado: I've picked up that you may be unsure about how to check the current status of your rebate. Let me guide you through the process to make it easier for you. To track the status of your rebate, you can visit our website and log into your account. Once logged in, navigate to the ""Rebates"" or ""Refunds"" section, where you should be able to see the details of your rebate and its current status. If you're still facing any difficulties or have further questions, please feel free to let me know. I'm here to assist you every step of the way."
bitext-26569,26569,REFUND,track_refund,where can I check if there is anything enw on the refund?,"We're here for you with your query about checking for any updates regarding your refund. I understand the importance of staying informed and reassured throughout this process. To help you with that, I recommend visiting our website's ""Refund Status"" page. There you will find real-time updates on the progress of your refund, ensuring that you are always up-to-date. If you encounter any difficulties or have further questions during this process, please don't hesitate to let me know.",0.46956521739130436,"Categoría: REFUND
Intención: track_refund
Pregunta frecuente: where can I check if there is anything enw on the refund?
Procedimiento recomendado: We're here for you with your query about checking for any updates regarding your refund. I understand the importance of staying informed and reassured throughout this process. To help you with that, I recommend visiting our website's ""Refund Status"" page. There you will find real-time updates on the progress of your refund, ensuring that you are always up-to-date. If you encounter any difficulties or have further questions during this process, please don't hesitate to let me know."
